first_name,last_name,hash,password,constituency
Lorrin,Willshear,3c597c9fc7121cc11412e2d58f06a80f335c35e0,rQ6XuOeM,37
Orbadiah,Eastup,9cd72790ac29f1391d45e1bdc8f7ca5ffc9df533,8l9HUay,37
Corinne,Minthorpe,42b55c4da7cd8cc99573c498e61eab0ebe83c0f6,YwhCM4RzAb,37
Casandra,Crockatt,386a9d3e510766175a471d0beb320f45e4b69b18,Hc6Topz,37
Arlinda,Bollon,66794716fb219d85902e1c78fd314da17815e79a,QogYsya1fp,37
Marge,Southby,0c7eda14d743b1470ee31205cd3b7d02aadc7793,olqUoYRbU,37
Rory,Rockcliffe,1144459a06e7512fd8ecf50330f2867f60fd763f,Xywd2UcUFhot,37
Shurlocke,McCambrois,bdd28c5fc69a3453a9a402b1fe04aa8f55d0bae7,WnmKyUVP,37
Roberto,Dwane,e6f7566db2fa19dfdd13b7294de1e6eaf72dfb01,zsY1Pu,37
Goldina,Simenot,8fa820cc59b2a67f655d9a84195784bca0f85707,4m26iFbXm,37
Ethelind,Stife,ea3cedfc4c1baf639f58aa3e46d0c38ff32b882f,vL9tdltH16Yh,37
Carlin,Hatfull,698ac63c21dd8db7d598d8fae562e5b9431ed766,Tj3PUm,37
Alisa,Forst,e4e09ad8f5724b18d826bf5131fc6803bfdcb563,FT4lSB,37
Giorgio,Matijasevic,443a2dc70442cf8602084f38709e6dc39dd30a8e,7q741Vau5a,37
Anatol,Glencrosche,894656547f199cba196f2bd40aa9fc18370ec699,PH9tMjkgK,37
Shannah,Stode,3758ce1a1e35033c6ccb407ef04f07ecc54156a3,3n5mbuASUk,37
Danita,Stanning,4f67e4bf5af56979acfe8f0eb7c3effeb7d4eb19,6hogQyEBd,37
Florance,Tremayne,a96520f36ef0652d897263bfecb2b2e94c875c13,MStTFvNMpGGW,37
Aldric,Steed,495901f5b1ffe9d3a07d8951a1392e8209d4b6b0,un8PaAA,37
Haleigh,Gurley,a1cbdfcb822d541738dd878fe5ffd5ba91de324a,8V9RBiuSPX4,37
Alain,Dunsford,372d0e36266f67681b0af36caad12389aefb240d,Fm55SrKGlq6n,37
Broderic,Thonason,42ca6960079e0e721dab12507d39c358550e2b87,OBVyCcilUv,37
Lanny,Wash,2657dd3f01a4e368a598548ac196a7c8f07442ee,G16CUXWfU,37
Cobby,Muehle,b327087598884bb0efc8245c72166a97e99e16ac,4w3SmP,37
My,Stathers,fb447d47049a3793e6cefac82fdd24a091404b66,QfFcLIJhc,37
