last_name,first_name,hash,constituency
Havock,Nichole,12WDc4ohydY2VDTx8Ju6Vzq2FVCNJ37bad,55
Triggs,Maurita,1PLUzQgHNazsmcs3SiVj18BqhGR8enJWMZ,55
Geleman,Faber,19SYhfzBKz2r9WpMiH4iHTLFAzWHADnHaF,55
Chinnick,Rubetta,18kaiYRiib35wzkTRDRaMqaQDTHdykxwEG,55
Robardey,Sydelle,1M37NcSVvBTRJHhSVVqT5uBnMxbJWXXzNy,55
Dyne,Perl,1HU9n6Kj2fqfErcvvXxSm2wS6YAFqsdXW2,55
Ghilks,Greer,1AB1XBQHo1aDRYacdPz4vYawPaEYNAQN5B,55
Crookes,Marian,148UFmwKWKpHqxds7DrEcEKZiB987CNtpd,55
Furze,Herbie,1JuJ1nQ633TSg2wL6DbUrAhckvkgms8TNs,55
Stairmand,Kori,1LByktzdj7CNaQjMXjnRC5uxj5pArwHxnM,55
Osmant,Ed,134qoaYZ254HnY9bZtM8vgD1h9KhVoWPf2,55
Swigg,Quintina,1HaK1YP7epmzDd13s7kuqrqHoyDfbPq3YW,55
Maffia,Luciano,15ERCbAMcGCWaeqQQBo4wJ6fiuecC3vNvD,55
End,Rae,15o1koVTSwis1UuqgMMzRnZBL4henYkCWf,55
Caban,Wayland,1H3xKbVbuXbtV71pLY3gD8amQhcewNAtgM,55
Meddick,Theressa,1Mw68oDWTaoDfK9vb1VtacXbdDT6TPHWrW,55
Neumann,Terrell,1EnyWgxecTeX8v5iF6RofVa2jTxMabUEJH,55
MacShirie,Scotty,14ipWH2izUdPY6UPsT3dEkMC1YWxxVrTat,55
Kirkbright,Tate,1LhE3LmwxgcHJwXpvTMkwgk1hdGYYRXD2b,55
Guwer,Fayre,17s2SU4qYKrRcWGjqKwE3VAshs2nRdvQzh,55
Misterson,Mister,asajhjuf76safhjsnfjsf8xxfxdfstgsd,55
